Id,prob
1,0.3435
2,0.75764
3,0.9888
4,0.121234
